,MSE,RMSE,MAPE,RAE,MAE,R2
0,12929.021711204854,113.70585609899278,4.140594811337468,0.7539486843802842,39.10942958324891,-6.385711835621513
