,MSE,RMSE,MAPE,RAE,MAE,R2
0,12849.309313501968,113.35479395906451,2.874307198417375,0.7424370750371282,38.51229017001938,-5.210755147022557
