,MSE,RMSE,MAPE,RAE,MAE,R2
0,0.007851365946023427,0.0886079338774098,0.4794859617389274,0.4493582145296387,0.06267067771434291,0.03982299687683581
