,MSE,RMSE,MAPE,RAE,MAE,R2
0,11481.273760451844,107.15070583272816,5.090612221262175,0.6022065339482372,31.238139308353265,-1.1461279382958323
