,MSE,RMSE,MAPE,RAE,MAE,R2
0,12563.529267877291,112.08715032454563,4.897445814698277,0.7013931639157059,36.38322756260359,-3.016522091329609
