,MSE,RMSE,MAPE,RAE,MAE,R2
0,12630.479294931269,112.38540516869291,5.120196083548328,0.7095242197863093,36.80500820045988,-3.407195615715041
