,MSE,RMSE,MAPE,RAE,MAE,R2
0,12861.609334202223,113.40903550512289,5.1946632990112205,0.7511080600305262,38.96207844346859,-7.504258928593134
