,MSE,RMSE,MAPE,RAE,MAE,R2
0,0.007432563936553439,0.08621231893733887,0.45484922473981154,0.46216229018410376,0.06445642474827883,-0.15509245249304757
